cluster	cluster_size	go_term	k_in_cluster	K_in_atlas	cluster_freq	bg_freq	enrichment_ratio	log10_p	rank
0	771	cholesterol 24-hydroxylase activity	710	1202	0.9209	0.0342	26.9	300.0	1
0	771	presynapse	710	1207	0.9209	0.0344	26.79	300.0	2
0	771	postsynapse	710	1209	0.9209	0.0344	26.75	300.0	3
0	771	cholesterol catabolic process	710	1254	0.9209	0.0357	25.79	300.0	4
0	771	dendrite	710	1498	0.9209	0.0427	21.59	300.0	5
1	521	intein-mediated protein splicing	456	1354	0.8752	0.0386	22.7	300.0	1
1	521	cell fate specification	458	1408	0.8791	0.0401	21.93	300.0	2
1	521	peptidase activity	460	1425	0.8829	0.0406	21.76	300.0	3
1	521	protein autoprocessing	459	1424	0.881	0.0406	21.73	300.0	4
1	521	cell-cell signaling	460	1430	0.8829	0.0407	21.68	300.0	5
10	429	cortisol metabolic process	157	192	0.366	0.0055	66.94	276.11	1
10	429	C21-steroid hormone biosynthetic process	153	194	0.3566	0.0055	64.56	263.88	2
10	429	glucocorticoid biosynthetic process	157	215	0.366	0.0061	59.78	261.43	3
10	429	cholesterol monooxygenase (side-chain-cleaving) activity	146	176	0.3403	0.005	67.9	257.66	4
10	429	cellular response to peptide hormone stimulus	157	269	0.366	0.0077	47.78	236.81	5
11	345	glycosyltransferase activity	269	704	0.7797	0.02	38.89	300.0	1
11	345	carbohydrate metabolic process	268	798	0.7768	0.0227	34.18	300.0	2
11	345	central nervous system development	267	1381	0.7739	0.0393	19.68	300.0	3
11	345	glucosylceramide catabolic process	281	3041	0.8145	0.0866	9.41	235.55	4
11	345	glucosylceramidase activity	281	3857	0.8145	0.1098	7.42	206.0	5
12	536	acetylesterase activity	429	1090	0.8004	0.031	25.79	300.0	1
12	536	lipid catabolic process	417	1122	0.778	0.032	24.35	300.0	2
12	536	triacylglycerol lipase activity	429	2063	0.8004	0.0587	13.62	300.0	3
12	536	sterol ester esterase activity	432	2104	0.806	0.0599	13.45	300.0	4
12	536	pancreatic juice secretion	58	89	0.1082	0.0025	42.7	82.97	5
13	423	acetyl-CoA C-acyltransferase activity	352	1462	0.8322	0.0416	19.99	300.0	1
13	423	acetyl-CoA C-myristoyltransferase activity	351	1462	0.8298	0.0416	19.93	300.0	2
13	423	lipid binding	352	1476	0.8322	0.042	19.8	300.0	3
13	423	lipid metabolic process	348	1633	0.8227	0.0465	17.69	300.0	4
13	423	peroxisome	324	1627	0.766	0.0463	16.53	300.0	5
14	698	acetoacetyl-CoA hydrolase activity	563	569	0.8066	0.0162	49.78	300.0	1
14	698	acetyl-CoA hydrolase activity	563	569	0.8066	0.0162	49.78	300.0	2
14	698	succinyl-CoA hydrolase activity	563	569	0.8066	0.0162	49.78	300.0	3
14	698	hydroxymethylglutaryl-CoA hydrolase activity	563	569	0.8066	0.0162	49.78	300.0	4
14	698	peroxisome organization	479	485	0.6862	0.0138	49.69	300.0	5
15	594	bile acid:sodium symporter activity	522	1238	0.8788	0.0353	24.93	300.0	1
15	594	sodium ion transport	17	25	0.0286	0.0007	40.2	24.24	2
15	594	symporter activity	16	26	0.0269	0.0007	36.38	21.78	3
15	594	bile acid and bile salt transport	20	143	0.0337	0.0041	8.27	12.3	4
15	594	response to nutrient levels	3	20	0.0051	0.0006	8.87	2.35	5
16	545	regulation of protein catabolic process	368	1256	0.6752	0.0358	18.88	300.0	1
16	545	regulation of TOR signaling	372	1275	0.6826	0.0363	18.8	300.0	2
16	545	lysosome organization	372	1281	0.6826	0.0365	18.71	300.0	3
16	545	regulation of macroautophagy	368	1271	0.6752	0.0362	18.66	300.0	4
16	545	autophagy	372	1314	0.6826	0.0374	18.24	300.0	5
17	700	3-beta-hydroxysteroid 3-dehydrogenase (NADP+) activity	641	895	0.9157	0.0255	35.93	300.0	1
17	700	5-alpha-androstane-3-beta,17-beta-diol dehydrogenase (NADP+) activity	638	1008	0.9114	0.0287	31.75	300.0	2
17	700	estrogen biosynthetic process	638	1149	0.9114	0.0327	27.86	300.0	3
17	700	cholesterol biosynthetic process	575	2414	0.8214	0.0687	11.95	300.0	4
17	700	estradiol 17-beta-dehydrogenase [NAD(P)+] activity	638	2847	0.9114	0.0811	11.24	300.0	5
18	861	riboflavin transmembrane transporter activity	766	767	0.8897	0.0218	40.73	300.0	1
18	861	efflux transmembrane transporter activity	781	941	0.9071	0.0268	33.85	300.0	2
18	861	mitochondrial membrane	769	1052	0.8931	0.03	29.81	300.0	3
18	861	ABC-type xenobiotic transporter activity	678	3551	0.7875	0.1011	7.79	300.0	4
18	861	apical plasma membrane	760	5067	0.8827	0.1443	6.12	300.0	5
19	81	sodium-independent organic anion transport	28	35	0.3457	0.001	346.83	69.31	1
19	81	transmembrane transporter activity	27	79	0.3333	0.0022	148.17	52.35	2
19	81	muscle cell differentiation	22	70	0.2716	0.002	136.26	41.48	3
19	81	positive regulation of circadian rhythm	22	72	0.2716	0.0021	132.47	41.16	4
19	81	circadian regulation of gene expression	22	72	0.2716	0.0021	132.47	41.16	5
2	332	aromatase activity	238	272	0.7169	0.0077	92.55	300.0	1
2	332	long-chain fatty acid omega-hydroxylase activity	238	302	0.7169	0.0086	83.36	300.0	2
2	332	heme binding	239	5655	0.7199	0.161	4.47	114.0	3
2	332	muscle cell differentiation	48	70	0.1446	0.002	72.53	80.85	4
2	332	positive regulation of circadian rhythm	48	72	0.1446	0.0021	70.52	79.89	5
20	388	glutathione transmembrane transporter activity	313	789	0.8067	0.0225	35.9	300.0	1
20	388	ABC-type glutathione S-conjugate transporter activity	316	2783	0.8144	0.0792	10.28	278.12	2
20	388	basolateral plasma membrane	316	3332	0.8144	0.0949	8.58	252.57	3
20	388	ABC-type xenobiotic transporter activity	316	3551	0.8144	0.1011	8.05	243.62	4
20	388	lipid transport	298	4600	0.768	0.131	5.86	181.98	5
21	298	24S-hydroxycholesterol 7-alpha-hydroxylase activity	249	310	0.8356	0.0088	94.65	300.0	1
21	298	digestion	249	317	0.8356	0.009	92.56	300.0	2
21	298	oxysterol 7-alpha-hydroxylase activity	251	393	0.8423	0.0112	75.26	300.0	3
21	298	bile acid biosynthetic process	251	520	0.8423	0.0148	56.88	300.0	4
21	298	cholesterol homeostasis	251	1948	0.8423	0.0555	15.18	267.97	5
22	657	7-beta-hydroxysteroid dehydrogenase (NADP+) activity	495	947	0.7534	0.027	27.94	300.0	1
22	657	11-beta-hydroxysteroid dehydrogenase (NADP+) activity	493	947	0.7504	0.027	27.83	300.0	2
22	657	steroid catabolic process	445	962	0.6773	0.0274	24.73	300.0	3
22	657	steroid binding	489	1674	0.7443	0.0477	15.61	300.0	4
22	657	glucocorticoid catabolic process	51	70	0.0776	0.002	38.94	72.31	5
23	814	triglyceride catabolic process	649	1003	0.7973	0.0286	27.91	300.0	1
23	814	monoacylglycerol lipase activity	652	1012	0.801	0.0288	27.79	300.0	2
23	814	caveola	652	1185	0.801	0.0337	23.74	300.0	3
23	814	lipid droplet	652	1587	0.801	0.0452	17.72	300.0	4
23	814	triacylglycerol lipase activity	632	2063	0.7764	0.0587	13.22	300.0	5
24	360	nuclear inner membrane	233	247	0.6472	0.007	92.02	300.0	1
24	360	Delta14-sterol reductase activity	233	303	0.6472	0.0086	75.01	300.0	2
24	360	chromo shadow domain binding	87	89	0.2417	0.0025	95.36	174.35	3
24	360	neutrophil differentiation	81	83	0.225	0.0024	95.2	161.8	4
24	360	nuclear lamina	79	81	0.2194	0.0023	95.14	157.63	5
25	366	lysosomal membrane	348	2454	0.9508	0.0699	13.61	300.0	1
25	366	glucosylceramide catabolic process	347	3041	0.9481	0.0866	10.95	300.0	2
25	366	glucosylceramidase activity	348	3857	0.9508	0.1098	8.66	300.0	3
25	366	galactosylceramidase activity	348	3865	0.9508	0.1101	8.64	300.0	4
25	366	cholesterol metabolic process	345	6083	0.9426	0.1732	5.44	234.03	5
26	593	triglyceride binding	574	575	0.968	0.0164	59.12	300.0	1
26	593	phosphatidylcholine metabolic process	574	589	0.968	0.0168	57.71	300.0	2
26	593	triglyceride metabolic process	574	590	0.968	0.0168	57.61	300.0	3
26	593	very-low-density lipoprotein particle remodeling	574	593	0.968	0.0169	57.32	300.0	4
26	593	phospholipid transporter activity	574	596	0.968	0.017	57.03	300.0	5
27	569	nucleoside diphosphate metabolic process	433	475	0.761	0.0135	56.26	300.0	1
27	569	manganese ion binding	433	476	0.761	0.0136	56.14	300.0	2
27	569	coenzyme A catabolic process	453	635	0.7961	0.0181	44.03	300.0	3
27	569	magnesium ion binding	434	681	0.7627	0.0194	39.33	300.0	4
27	569	coenzyme A diphosphatase activity	458	1023	0.8049	0.0291	27.63	300.0	5
28	529	hydroperoxy icosatetraenoate dehydratase activity	447	512	0.845	0.0146	57.96	300.0	1
28	529	retinol metabolic process	387	473	0.7316	0.0135	54.31	300.0	2
28	529	hormone biosynthetic process	399	713	0.7543	0.0203	37.15	300.0	3
28	529	steroid 17-alpha-monooxygenase activity	403	846	0.7618	0.0241	31.62	300.0	4
28	529	progesterone metabolic process	399	906	0.7543	0.0258	29.24	300.0	5
29	296	very-long-chain 3-oxoacyl-CoA reductase activity	188	237	0.6351	0.0067	94.11	300.0	1
29	296	fatty acid elongase complex	74	76	0.25	0.0022	115.52	154.35	2
29	296	fatty acid elongation, saturated fatty acid	74	76	0.25	0.0022	115.52	154.35	3
29	296	steroid biosynthetic process	119	557	0.402	0.0159	25.35	135.65	4
29	296	fibronectin binding	65	67	0.2196	0.0019	115.1	134.76	5
3	77	catechol O-methyltransferase activity	23	192	0.2987	0.0055	54.63	33.35	1
3	77	developmental process	22	177	0.2857	0.005	56.69	32.23	2
3	77	catecholamine catabolic process	19	175	0.2468	0.005	49.52	26.59	3
3	77	dopamine metabolic process	18	173	0.2338	0.0049	47.45	24.82	4
3	77	methylation	23	978	0.2987	0.0278	10.73	17.11	5
30	285	monoacylglycerol lipase activity	219	1012	0.7684	0.0288	26.66	283.04	1
30	285	triglyceride catabolic process	217	1003	0.7614	0.0286	26.66	279.69	2
30	285	caveola	219	1185	0.7684	0.0337	22.77	266.44	3
30	285	lipid droplet	219	1587	0.7684	0.0452	17.0	236.51	4
30	285	triacylglycerol lipase activity	214	2063	0.7509	0.0587	12.78	201.58	5
31	308	(2E)-enoyl-CoA hydratase activity	261	261	0.8474	0.0074	114.02	300.0	1
31	308	3alpha,7alpha,12alpha-trihydroxy-5beta-cholest-24-enoyl-CoA hydratase activity	261	261	0.8474	0.0074	114.02	300.0	2
31	308	isomerase activity	203	206	0.6591	0.0059	112.36	300.0	3
31	308	oxidoreductase activity, acting on the CH-OH group of donors, NAD or NADP as acceptor	200	274	0.6494	0.0078	83.22	300.0	4
31	308	fatty acid beta-oxidation	196	279	0.6364	0.0079	80.1	300.0	5
32	348	15-hydroxyprostaglandin dehydrogenase (NADP+) activity	220	302	0.6322	0.0086	73.51	300.0	1
32	348	prostaglandin E2 9-reductase activity	220	303	0.6322	0.0086	73.27	300.0	2
32	348	15-hydroxyprostaglandin-D dehydrogenase (NADP+) activity	220	313	0.6322	0.0089	70.93	300.0	3
32	348	carbonyl reductase (NADPH) activity	222	327	0.6379	0.0093	68.51	300.0	4
32	348	lipid metabolic process	179	1633	0.5144	0.0465	11.06	142.51	5
33	480	glutathione transmembrane transporter activity	320	789	0.6667	0.0225	29.67	300.0	1
33	480	ABC-type glutathione S-conjugate transporter activity	368	2783	0.7667	0.0792	9.67	300.0	2
33	480	ABC-type xenobiotic transporter activity	369	3551	0.7688	0.1011	7.6	268.24	3
33	480	basolateral plasma membrane	320	3332	0.6667	0.0949	7.03	208.55	4
33	480	lipid transport	303	4600	0.6312	0.131	4.82	145.64	5
34	1177	acetyl-CoA C-myristoyltransferase activity	1054	1462	0.8955	0.0416	21.51	300.0	1
34	1177	acetyl-CoA C-acyltransferase activity	1053	1462	0.8946	0.0416	21.49	300.0	2
34	1177	lipid binding	978	1476	0.8309	0.042	19.77	300.0	3
34	1177	peroxisome	983	1627	0.8352	0.0463	18.03	300.0	4
34	1177	lipid metabolic process	919	1633	0.7808	0.0465	16.79	300.0	5
35	626	quinone binding	509	538	0.8131	0.0153	53.07	300.0	1
35	626	fatty acid biosynthetic process	525	807	0.8387	0.023	36.49	300.0	2
35	626	testosterone dehydrogenase (NAD+) activity	526	1038	0.8403	0.0296	28.43	300.0	3
35	626	estrogen metabolic process	366	1660	0.5847	0.0473	12.37	300.0	4
35	626	estradiol 17-beta-dehydrogenase [NAD(P)+] activity	529	2847	0.845	0.0811	10.42	300.0	5
36	166	sulfation	26	26	0.1566	0.0007	211.55	61.35	1
36	166	regulation of gene expression	72	1316	0.4337	0.0375	11.57	56.84	2
36	166	system development	50	410	0.3012	0.0117	25.8	55.54	3
36	166	cell fate specification	72	1408	0.4337	0.0401	10.82	54.78	4
36	166	protein autoprocessing	72	1424	0.4337	0.0406	10.7	54.44	5
37	491	canalicular bile acid transport	427	1083	0.8697	0.0308	28.2	300.0	1
37	491	bile acid transmembrane transporter activity	424	1093	0.8635	0.0311	27.74	300.0	2
37	491	ABC-type oligopeptide transporter activity	425	1132	0.8656	0.0322	26.85	300.0	3
37	491	oligopeptide export from mitochondrion	425	1132	0.8656	0.0322	26.85	300.0	4
37	491	recycling endosome membrane	429	1550	0.8737	0.0441	19.8	300.0	5
38	752	ABC-type glutathione S-conjugate transporter activity	660	2783	0.8777	0.0792	11.07	300.0	1
38	752	basolateral plasma membrane	660	3332	0.8777	0.0949	9.25	300.0	2
38	752	ABC-type xenobiotic transporter activity	660	3551	0.8777	0.1011	8.68	300.0	3
38	752	apical plasma membrane	659	5067	0.8763	0.1443	6.07	300.0	4
38	752	lipid transport	572	4600	0.7606	0.131	5.81	300.0	5
39	97	T cell costimulation	66	73	0.6804	0.0021	327.32	172.7	1
39	97	caveola assembly	66	73	0.6804	0.0021	327.32	172.7	2
39	97	regulation of cytosolic calcium ion concentration	66	75	0.6804	0.0021	318.59	170.81	3
39	97	negative regulation of endothelial cell proliferation	64	71	0.6598	0.002	326.34	166.72	4
39	97	focal adhesion	65	78	0.6701	0.0022	301.69	164.53	5
4	558	sterol 14-demethylase activity	514	2241	0.9211	0.0638	14.43	300.0	1
4	558	cholesterol biosynthetic process	426	2414	0.7634	0.0687	11.11	300.0	2
4	558	heme binding	514	5655	0.9211	0.161	5.72	300.0	3
4	558	small molecule biosynthetic process	25	35	0.0448	0.001	44.95	37.01	4
4	558	negative regulation of protein secretion	19	21	0.0341	0.0006	56.94	32.0	5
40	129	porin activity	101	101	0.7829	0.0029	272.22	270.82	1
40	129	voltage-gated monoatomic anion channel activity	101	101	0.7829	0.0029	272.22	270.82	2
40	129	ceramide binding	100	100	0.7752	0.0028	272.22	267.74	3
40	129	mitochondrial transmembrane transport	98	98	0.7597	0.0028	272.22	261.62	4
40	129	mitochondrial nucleoid	98	169	0.7597	0.0048	157.86	212.92	5
41	324	regulation of membrane potential	181	1212	0.5586	0.0345	16.19	177.21	1
41	324	negative regulation of macromolecule metabolic process	179	1208	0.5525	0.0344	16.06	174.26	2
41	324	protein catabolic process	179	1210	0.5525	0.0345	16.03	174.13	3
41	324	lysosome organization	181	1281	0.5586	0.0365	15.31	172.64	4
41	324	regulation of protein catabolic process	179	1256	0.5525	0.0358	15.45	171.08	5
42	120	negative regulation of miRNA transcription	77	78	0.6417	0.0022	288.89	202.03	1
42	120	TFIIB-class transcription factor binding	77	78	0.6417	0.0022	288.89	202.03	2
42	120	RNA polymerase II preinitiation complex assembly	77	78	0.6417	0.0022	288.89	202.03	3
42	120	protein localization to chromatin	77	78	0.6417	0.0022	288.89	202.03	4
42	120	14-3-3 protein binding	77	78	0.6417	0.0022	288.89	202.03	5
43	566	22alpha-hydroxysteroid 23-monooxygenase activity	470	470	0.8304	0.0134	62.04	300.0	1
43	566	petal development	471	471	0.8322	0.0134	62.04	300.0	2
43	566	oxidoreductase activity, acting on paired donors, with incorporation or reduction of molecular oxygen, NAD(P)H as one donor, and incorporation of one atom of oxygen	471	472	0.8322	0.0134	61.91	300.0	3
43	566	leaf development	477	478	0.8428	0.0136	61.91	300.0	4
43	566	stamen development	471	473	0.8322	0.0135	61.78	300.0	5
44	386	sterol 14-demethylase activity	289	2241	0.7487	0.0638	11.73	262.54	1
44	386	heme binding	298	5655	0.772	0.161	4.79	156.94	2
44	386	mycotoxin biosynthetic process	60	104	0.1554	0.003	52.49	90.12	3
44	386	methyltransferase activity	97	767	0.2513	0.0218	11.51	73.02	4
44	386	methylation	97	978	0.2513	0.0278	9.02	62.93	5
45	337	centrosome	163	166	0.4837	0.0047	102.32	300.0	1
45	337	spindle	163	168	0.4837	0.0048	101.1	300.0	2
45	337	chromatin organization	161	166	0.4777	0.0047	101.07	300.0	3
45	337	core promoter sequence-specific DNA binding	130	141	0.3858	0.004	96.08	258.92	4
45	337	nuclear glucocorticoid receptor activity	121	121	0.3591	0.0034	104.2	254.8	5
46	326	cholesterol 24-hydroxylase activity	200	1202	0.6135	0.0342	17.92	208.98	1
46	326	presynapse	200	1207	0.6135	0.0344	17.85	208.59	2
46	326	postsynapse	200	1209	0.6135	0.0344	17.82	208.44	3
46	326	cholesterol catabolic process	200	1254	0.6135	0.0357	17.18	205.05	4
46	326	dendrite	200	1498	0.6135	0.0427	14.38	188.75	5
47	518	androstan-3-alpha,17-beta-diol dehydrogenase (NAD+) activity	400	943	0.7722	0.0269	28.76	300.0	1
47	518	(3S)-3-hydroxyacyl-CoA dehydrogenase (NAD+) activity	401	975	0.7741	0.0278	27.88	300.0	2
47	518	fatty acid metabolic process	383	1010	0.7394	0.0288	25.71	300.0	3
47	518	androgen metabolic process	383	1056	0.7394	0.0301	24.59	300.0	4
47	518	estrogen metabolic process	383	1660	0.7394	0.0473	15.64	300.0	5
48	568	gliogenesis	269	585	0.4736	0.0167	28.43	300.0	1
48	568	striated muscle cell development	270	637	0.4754	0.0181	26.21	300.0	2
48	568	regulation of gene expression	412	1316	0.7254	0.0375	19.36	300.0	3
48	568	intein-mediated protein splicing	413	1354	0.7271	0.0386	18.86	300.0	4
48	568	protein autoprocessing	414	1424	0.7289	0.0406	17.97	300.0	5
49	82	positive regulation of smoothened signaling pathway	36	196	0.439	0.0056	78.66	59.32	1
49	82	regulation of gene expression	54	1316	0.6585	0.0375	17.57	56.09	2
49	82	cell fate specification	54	1408	0.6585	0.0401	16.42	54.5	3
49	82	protein autoprocessing	54	1424	0.6585	0.0406	16.24	54.24	4
49	82	peptidase activity	54	1425	0.6585	0.0406	16.23	54.22	5
5	1050	chloride channel complex	324	380	0.3086	0.0108	28.52	300.0	1
5	1050	intracellularly ATP-gated chloride channel activity	324	380	0.3086	0.0108	28.52	300.0	2
5	1050	early endosome membrane	324	384	0.3086	0.0109	28.22	300.0	3
5	1050	ABC-type glutathione S-conjugate transporter activity	935	2783	0.8905	0.0792	11.24	300.0	4
5	1050	basolateral plasma membrane	935	3332	0.8905	0.0949	9.39	300.0	5
50	538	3-beta-hydroxysteroid dehydrogenase [NAD(P)+]/C4-decarboxylase activity	452	524	0.8401	0.0149	56.3	300.0	1
50	538	lipid droplet	457	1587	0.8494	0.0452	18.8	300.0	2
50	538	cholesterol biosynthetic process	401	2414	0.7454	0.0687	10.84	300.0	3
50	538	zymosterol biosynthetic process	50	201	0.0929	0.0057	16.24	44.86	4
50	538	3-beta-hydroxy-Delta5-steroid dehydrogenase (NAD+) activity	25	27	0.0465	0.0008	60.44	43.08	5
51	279	monoatomic ion transport	135	380	0.4839	0.0108	44.72	194.93	1
51	279	prostaglandin transmembrane transporter activity	135	438	0.4839	0.0125	38.79	184.93	2
51	279	mineralocorticoid biosynthetic process	51	59	0.1828	0.0017	108.8	99.87	3
51	279	steroid 21-monooxygenase activity	49	53	0.1756	0.0015	116.37	99.37	4
51	279	alpha-ketoglutarate transmembrane transporter activity	47	65	0.1685	0.0019	91.01	84.82	5
52	414	bile acid:sodium symporter activity	365	1238	0.8816	0.0353	25.01	300.0	1
52	414	apical plasma membrane	367	5067	0.8865	0.1443	6.14	254.18	2
52	414	microvillus	24	42	0.058	0.0012	48.47	35.11	3
52	414	phospholipid scramblase activity	9	52	0.0217	0.0015	14.68	8.02	4
52	414	Golgi organization	5	18	0.0121	0.0005	23.56	5.78	5
53	341	11-beta-hydroxysteroid dehydrogenase (NADP+) activity	332	947	0.9736	0.027	36.1	300.0	1
53	341	7-beta-hydroxysteroid dehydrogenase (NADP+) activity	328	947	0.9619	0.027	35.67	300.0	2
53	341	steroid catabolic process	312	962	0.915	0.0274	33.4	300.0	3
53	341	steroid binding	328	1674	0.9619	0.0477	20.18	300.0	4
53	341	glucocorticoid catabolic process	17	70	0.0499	0.002	25.01	18.7	5
54	242	lysosomal membrane	189	2454	0.781	0.0699	11.18	168.92	1
54	242	glucosylceramide catabolic process	189	3041	0.781	0.0866	9.02	151.1	2
54	242	glucosylceramidase activity	189	3857	0.781	0.1098	7.11	131.62	3
54	242	galactosylceramidase activity	189	3865	0.781	0.1101	7.1	131.45	4
54	242	cholesterol metabolic process	188	6083	0.7769	0.1732	4.48	93.92	5
55	422	lysosomal membrane	315	2454	0.7464	0.0699	10.68	273.09	1
55	422	glucosylceramide catabolic process	307	3041	0.7275	0.0866	8.4	230.64	2
55	422	glucosylceramidase activity	315	3857	0.7464	0.1098	6.8	209.84	3
55	422	galactosylceramidase activity	315	3865	0.7464	0.1101	6.78	209.56	4
55	422	negative regulation of macromolecule metabolic process	213	1208	0.5047	0.0344	14.67	197.08	5
56	578	lyase activity	212	326	0.3668	0.0093	39.51	300.0	1
56	578	7-dehydrocholesterol reductase activity	162	170	0.2803	0.0048	57.9	286.52	2
56	578	cholesterol-5,6-oxide hydrolase activity	143	149	0.2474	0.0042	58.31	253.17	3
56	578	steroid 17-alpha-monooxygenase activity	223	846	0.3858	0.0241	16.01	211.39	4
56	578	progesterone metabolic process	207	906	0.3581	0.0258	13.88	180.6	5
57	118	very-long-chain 3-oxoacyl-CoA reductase activity	41	237	0.3475	0.0067	51.48	58.79	1
57	118	15-hydroxyprostaglandin dehydrogenase (NADP+) activity	43	302	0.3644	0.0086	42.37	57.91	2
57	118	prostaglandin E2 9-reductase activity	43	303	0.3644	0.0086	42.23	57.85	3
57	118	15-hydroxyprostaglandin-D dehydrogenase (NADP+) activity	43	313	0.3644	0.0089	40.88	57.2	4
57	118	carbonyl reductase (NADPH) activity	43	327	0.3644	0.0093	39.13	56.34	5
58	372	regulation of developmental process	239	327	0.6425	0.0093	69.0	300.0	1
58	372	animal organ development	239	351	0.6425	0.01	64.28	300.0	2
58	372	tube development	241	381	0.6478	0.0108	59.71	300.0	3
58	372	regulation of cell population proliferation	241	413	0.6478	0.0118	55.09	300.0	4
58	372	neuron differentiation	243	425	0.6532	0.0121	53.97	300.0	5
59	284	endoplasmic reticulum-plasma membrane contact site	40	40	0.1408	0.0011	123.65	84.93	1
59	284	lipid transporter activity	51	87	0.1796	0.0025	72.49	84.3	2
59	284	phosphatidylinositol-4-phosphate binding	36	36	0.1268	0.001	123.65	76.32	3
59	284	positive regulation of reverse cholesterol transport	33	33	0.1162	0.0009	123.65	69.88	4
59	284	sterol binding	38	52	0.1338	0.0015	90.36	68.41	5
6	271	coenzyme A diphosphatase activity	241	1023	0.8893	0.0291	30.53	300.0	1
60	195	beta-galactosidase activity	148	149	0.759	0.0042	178.88	300.0	1
60	195	glycosylceramide catabolic process	146	147	0.7487	0.0042	178.86	300.0	2
60	195	carbohydrate catabolic process	160	813	0.8205	0.0232	35.44	230.36	3
60	195	beta-glucosidase activity	162	2348	0.8308	0.0669	12.43	156.16	4
60	195	galactosylceramidase activity	161	3865	0.8256	0.1101	7.5	119.19	5
61	641	acetylesterase activity	571	1090	0.8908	0.031	28.7	300.0	1
61	641	lipid catabolic process	566	1122	0.883	0.032	27.64	300.0	2
61	641	triacylglycerol lipase activity	563	2063	0.8783	0.0587	14.95	300.0	3
61	641	sterol ester esterase activity	571	2104	0.8908	0.0599	14.87	300.0	4
61	641	cholinesterase activity	30	48	0.0468	0.0014	34.24	39.72	5
62	185	negative regulation of osteoblast differentiation	78	78	0.4216	0.0022	189.82	185.99	1
62	185	pharyngeal system development	78	78	0.4216	0.0022	189.82	185.99	2
62	185	hedgehog family protein binding	78	78	0.4216	0.0022	189.82	185.99	3
62	185	neural plate axis specification	78	78	0.4216	0.0022	189.82	185.99	4
62	185	regulation of protein localization	78	78	0.4216	0.0022	189.82	185.99	5
63	187	monoatomic ion transport	178	380	0.9519	0.0108	87.97	300.0	1
63	187	prostaglandin transmembrane transporter activity	181	438	0.9679	0.0125	77.6	300.0	2
63	187	basolateral plasma membrane	181	3332	0.9679	0.0949	10.2	176.6	3
63	187	apical plasma membrane	181	5067	0.9679	0.1443	6.71	143.04	4
64	232	coenzyme A diphosphatase activity	205	1023	0.8836	0.0291	30.33	289.21	1
64	232	propionyl-CoA metabolic process	65	68	0.2802	0.0019	144.69	141.3	2
64	232	malonyl-CoA catabolic process	65	134	0.2802	0.0038	73.42	106.98	3
64	232	butyryl-CoA catabolic process	65	134	0.2802	0.0038	73.42	106.98	4
64	232	medium-chain fatty-acyl-CoA catabolic process	65	134	0.2802	0.0038	73.42	106.98	5
65	254	negative regulation of oocyte maturation	165	175	0.6496	0.005	130.36	300.0	1
65	254	negative regulation of meiotic cell cycle	165	175	0.6496	0.005	130.36	300.0	2
65	254	cytoskeleton	165	184	0.6496	0.0052	123.98	300.0	3
65	254	dendritic spine membrane	222	254	0.874	0.0072	120.84	300.0	4
65	254	early endosome	222	257	0.874	0.0073	119.43	300.0	5
66	102	L-asparagine transmembrane transporter activity	28	29	0.2745	0.0008	332.41	71.34	1
66	102	L-glutamine transmembrane transporter activity	28	29	0.2745	0.0008	332.41	71.34	2
66	102	cellular response to amino acid stimulus	28	29	0.2745	0.0008	332.41	71.34	3
66	102	guanyl-nucleotide exchange factor activity	28	30	0.2745	0.0009	321.33	70.17	4
66	102	sterol sensor activity	28	31	0.2745	0.0009	310.97	69.16	5
67	276	cholesterol O-acyltransferase activity	209	211	0.7572	0.006	126.03	300.0	1
67	276	fatty-acyl-CoA binding	205	210	0.7428	0.006	124.21	300.0	2
67	276	cholesterol efflux	205	528	0.7428	0.015	49.4	300.0	3
67	276	cholesterol binding	206	1642	0.7464	0.0468	15.96	214.23	4
67	276	cholesterol homeostasis	209	1948	0.7572	0.0555	13.65	203.55	5
68	234	lysosomal membrane	190	2454	0.812	0.0699	11.62	175.94	1
68	234	glucosylceramide catabolic process	190	3041	0.812	0.0866	9.38	157.95	2
68	234	glucosylceramidase activity	190	3857	0.812	0.1098	7.39	138.26	3
68	234	galactosylceramidase activity	190	3865	0.812	0.1101	7.38	138.09	4
68	234	cholesterol metabolic process	189	6083	0.8077	0.1732	4.66	99.99	5
69	287	sterol 14-demethylase activity	274	2241	0.9547	0.0638	14.96	300.0	1
69	287	cholesterol biosynthetic process	257	2414	0.8955	0.0687	13.03	264.76	2
69	287	methyltransferase activity	173	767	0.6028	0.0218	27.6	214.68	3
69	287	heme binding	274	5655	0.9547	0.161	5.93	198.67	4
69	287	methylation	173	978	0.6028	0.0278	21.64	194.62	5
7	763	carbohydrate catabolic process	565	813	0.7405	0.0232	31.99	300.0	1
7	763	beta-glucosidase activity	565	2348	0.7405	0.0669	11.07	300.0	2
7	763	galactosylceramidase activity	565	3865	0.7405	0.1101	6.73	300.0	3
7	763	glucosylceramidase activity	564	3857	0.7392	0.1098	6.73	300.0	4
7	763	11-beta-hydroxysteroid dehydrogenase (NADP+) activity	110	947	0.1442	0.027	5.35	46.97	5
70	385	3-hydroxy-2-methylbutyryl-CoA dehydrogenase activity	122	436	0.3169	0.0124	25.52	138.56	1
70	385	cholate 7-alpha-dehydrogenase (NAD+) activity	122	438	0.3169	0.0125	25.41	138.28	2
70	385	androstan-3-alpha,17-beta-diol dehydrogenase (NAD+) activity	124	943	0.3221	0.0269	11.99	97.35	3
70	385	testosterone dehydrogenase (NAD+) activity	128	1038	0.3325	0.0296	11.25	97.17	4
70	385	(3S)-3-hydroxyacyl-CoA dehydrogenase (NAD+) activity	124	975	0.3221	0.0278	11.6	95.53	5
71	71	plasma lipoprotein particle assembly	69	69	0.9718	0.002	494.61	211.98	1
71	71	phosphatidylethanolamine transfer activity	69	71	0.9718	0.002	480.67	208.59	2
71	71	ceramide 1-phosphate transfer activity	68	68	0.9577	0.0019	494.61	207.92	3
71	71	triglyceride transfer activity	68	68	0.9577	0.0019	494.61	207.92	4
71	71	protein secretion	69	72	0.9718	0.0021	474.0	207.21	5
72	197	3-alpha-hydroxysteroid 3-dehydrogenase [NAD(P)+] activity	126	137	0.6396	0.0039	163.95	290.85	1
72	197	alcohol metabolic process	106	119	0.5381	0.0034	158.79	237.01	2
72	197	hormone metabolic process	107	125	0.5431	0.0036	152.59	235.11	3
72	197	monocarboxylic acid metabolic process	106	166	0.5381	0.0047	113.83	207.98	4
72	197	steroid metabolic process	113	321	0.5736	0.0091	62.75	183.2	5
73	115	developmental process	91	177	0.7913	0.005	157.0	196.91	1
73	115	catechol O-methyltransferase activity	91	192	0.7913	0.0055	144.73	192.5	2
73	115	dopamine metabolic process	85	173	0.7391	0.0049	150.03	179.47	3
73	115	catecholamine catabolic process	85	175	0.7391	0.005	148.32	178.89	4
73	115	axon	89	485	0.7739	0.0138	56.04	143.7	5
74	411	bile acid:sodium symporter activity	322	1238	0.7835	0.0353	22.22	300.0	1
74	411	apical plasma membrane	320	5067	0.7786	0.1443	5.4	185.62	2
74	411	negative regulation of macromolecule metabolic process	81	1208	0.1971	0.0344	5.73	37.05	3
74	411	protein catabolic process	81	1210	0.1971	0.0345	5.72	37.0	4
74	411	regulation of membrane potential	81	1212	0.1971	0.0345	5.71	36.95	5
75	173	basolateral plasma membrane	131	3332	0.7572	0.0949	7.98	96.25	1
75	173	ABC-type glutathione S-conjugate transporter activity	119	2783	0.6879	0.0792	8.68	88.43	2
75	173	ABC-type xenobiotic transporter activity	119	3551	0.6879	0.1011	6.8	76.15	3
75	173	apical plasma membrane	133	5067	0.7688	0.1443	5.33	75.61	4
75	173	lipid transport	118	4600	0.6821	0.131	5.21	62.19	5
76	463	canalicular bile acid transport	406	1083	0.8769	0.0308	28.43	300.0	1
76	463	bile acid transmembrane transporter activity	404	1093	0.8726	0.0311	28.03	300.0	2
76	463	ABC-type oligopeptide transporter activity	408	1132	0.8812	0.0322	27.34	300.0	3
76	463	oligopeptide export from mitochondrion	408	1132	0.8812	0.0322	27.34	300.0	4
76	463	recycling endosome membrane	421	1550	0.9093	0.0441	20.6	300.0	5
77	184	alkaloid catabolic process	72	102	0.3913	0.0029	134.72	145.46	1
77	184	retinoic acid 4-hydroxylase activity	70	100	0.3804	0.0028	133.6	140.79	2
77	184	retinoic acid metabolic process	69	107	0.375	0.003	123.07	134.65	3
77	184	oxidative demethylation	75	163	0.4076	0.0046	87.82	131.17	4
77	184	lipid hydroxylation	73	164	0.3967	0.0047	84.95	126.08	5
78	153	ABC-type glutathione S-conjugate transporter activity	93	2783	0.6078	0.0792	7.67	61.76	1
78	153	ABC-type xenobiotic transporter activity	93	3551	0.6078	0.1011	6.01	52.39	2
78	153	icosanoid transmembrane transporter activity	20	20	0.1307	0.0006	229.52	47.78	3
78	153	glucuronoside transmembrane transporter activity	20	20	0.1307	0.0006	229.52	47.78	4
78	153	lipid transport	73	4600	0.4771	0.131	3.64	24.6	5
79	149	sodium:potassium-exchanging ATPase complex	136	150	0.9128	0.0043	213.69	300.0	1
79	149	P-type sodium:potassium-exchanging transporter activity	136	150	0.9128	0.0043	213.69	300.0	2
79	149	sodium ion export across plasma membrane	135	149	0.906	0.0042	213.54	300.0	3
79	149	intracellular potassium ion homeostasis	135	149	0.906	0.0042	213.54	300.0	4
79	149	response to glycoside	134	148	0.8993	0.0042	213.39	300.0	5
8	309	carbohydrate metabolic process	158	798	0.5113	0.0227	22.5	176.33	1
8	309	central nervous system neuron development	60	72	0.1942	0.0021	94.71	112.83	2
8	309	regulation of actin filament polymerization	60	72	0.1942	0.0021	94.71	112.83	3
8	309	regulation of microtubule polymerization	60	72	0.1942	0.0021	94.71	112.83	4
8	309	regulation of membrane lipid distribution	60	72	0.1942	0.0021	94.71	112.83	5
80	185	methyltransferase activity	85	767	0.4595	0.0218	21.04	89.87	1
80	185	methylation	85	978	0.4595	0.0278	16.5	80.69	2
80	185	sterol 14-demethylase activity	96	2241	0.5189	0.0638	8.13	63.59	3
80	185	heme binding	112	5655	0.6054	0.161	3.76	41.97	4
80	185	cholesterol metabolic process	104	6083	0.5622	0.1732	3.25	32.19	5
81	131	glycosyltransferase activity	129	704	0.9847	0.02	49.12	220.45	1
81	131	carbohydrate metabolic process	129	798	0.9847	0.0227	43.33	212.75	2
81	131	central nervous system development	128	1381	0.9771	0.0393	24.85	176.9	3
81	131	beta-glucosidase activity	125	2348	0.9542	0.0669	14.27	138.59	4
81	131	glucosylceramide catabolic process	129	3041	0.9847	0.0866	11.37	134.3	5
82	283	nuclear steroid receptor activity	144	177	0.5088	0.005	100.95	285.03	1
82	283	chromatin	137	207	0.4841	0.0059	82.13	247.96	2
82	283	ATPase binding	126	285	0.4452	0.0081	54.86	194.8	3
82	283	transcription coactivator binding	126	297	0.4452	0.0085	52.64	191.87	4
82	283	DNA-templated transcription	149	681	0.5265	0.0194	27.15	179.81	5
83	103	glutathione transmembrane transporter activity	71	789	0.6893	0.0225	30.68	92.06	1
83	103	ABC-type glutathione S-conjugate transporter activity	79	2783	0.767	0.0792	9.68	65.0	2
83	103	ABC-type xenobiotic transporter activity	80	3551	0.7767	0.1011	7.68	58.26	3
83	103	basolateral plasma membrane	71	3332	0.6893	0.0949	7.26	47.61	4
83	103	lipid transport	73	4600	0.7087	0.131	5.41	40.51	5
84	128	mitochondrial calcium ion homeostasis	44	44	0.3438	0.0013	274.35	110.93	1
84	128	ligand-gated monoatomic ion channel activity	44	44	0.3438	0.0013	274.35	110.93	2
84	128	calcium-dependent protein binding	44	44	0.3438	0.0013	274.35	110.93	3
84	128	calcium-dependent phospholipid binding	44	45	0.3438	0.0013	268.25	109.27	4
84	128	negative regulation of sequestering of calcium ion	43	43	0.3359	0.0012	274.35	108.31	5
85	148	negative regulation of cholesterol import	58	58	0.3919	0.0017	237.28	143.38	1
85	148	negative regulation of lipid catabolic process	58	58	0.3919	0.0017	237.28	143.38	2
85	148	receptor ligand activity	59	61	0.3986	0.0017	229.5	142.71	3
85	148	triglyceride-rich lipoprotein particle remodeling	57	57	0.3851	0.0016	237.28	140.8	4
85	148	phospholipid catabolic process	57	57	0.3851	0.0016	237.28	140.8	5
86	261	bilirubin transmembrane transporter activity	68	68	0.2605	0.0019	134.55	148.9	1
86	261	ABC-type glutathione S-conjugate transporter activity	182	2783	0.6973	0.0792	8.8	137.22	2
86	261	toxin transmembrane transporter activity	68	92	0.2605	0.0026	99.45	127.05	3
86	261	heme catabolic process	68	101	0.2605	0.0029	90.59	122.34	4
86	261	ABC-type xenobiotic transporter activity	182	3551	0.6973	0.1011	6.9	118.2	5
87	453	3-hydroxy-2-methylbutyryl-CoA dehydrogenase activity	297	436	0.6556	0.0124	52.81	300.0	1
87	453	cholate 7-alpha-dehydrogenase (NAD+) activity	297	438	0.6556	0.0125	52.57	300.0	2
87	453	androstan-3-alpha,17-beta-diol dehydrogenase (NAD+) activity	359	943	0.7925	0.0269	29.51	300.0	3
87	453	(3S)-3-hydroxyacyl-CoA dehydrogenase (NAD+) activity	359	975	0.7925	0.0278	28.54	300.0	4
87	453	fatty acid metabolic process	335	1010	0.7395	0.0288	25.71	300.0	5
88	456	negative regulation of macromolecule metabolic process	372	1208	0.8158	0.0344	23.72	300.0	1
88	456	protein catabolic process	372	1210	0.8158	0.0345	23.68	300.0	2
88	456	regulation of membrane potential	372	1212	0.8158	0.0345	23.64	300.0	3
88	456	regulation of macroautophagy	372	1271	0.8158	0.0362	22.54	300.0	4
88	456	regulation of TOR signaling	372	1275	0.8158	0.0363	22.47	300.0	5
89	95	response to light stimulus	69	141	0.7263	0.004	180.89	150.97	1
89	95	oxidoreductase activity, acting on paired donors, with incorporation or reduction of molecular oxygen	70	156	0.7368	0.0044	165.87	149.95	2
89	95	monooxygenase activity	72	196	0.7579	0.0056	135.79	146.94	3
89	95	brassinosteroid homeostasis	73	626	0.7684	0.0178	43.11	108.38	4
89	95	brassinosteroid biosynthetic process	73	772	0.7684	0.022	34.95	101.4	5
9	362	ABC-type oligopeptide transporter activity	292	1132	0.8066	0.0322	25.02	300.0	1
9	362	oligopeptide export from mitochondrion	292	1132	0.8066	0.0322	25.02	300.0	2
9	362	recycling endosome membrane	313	1550	0.8646	0.0441	19.59	300.0	3
9	362	canalicular bile acid transport	245	1083	0.6768	0.0308	21.95	286.46	4
9	362	bile acid transmembrane transporter activity	237	1093	0.6547	0.0311	21.03	270.18	5
90	248	carbohydrate metabolic process	121	798	0.4879	0.0227	21.47	130.68	1
90	248	glycosyltransferase activity	112	704	0.4516	0.02	22.53	122.29	2
90	248	3-beta-hydroxysteroid 3-dehydrogenase (NADP+) activity	119	895	0.4798	0.0255	18.83	121.11	3
90	248	5-alpha-androstane-3-beta,17-beta-diol dehydrogenase (NADP+) activity	119	1008	0.4798	0.0287	16.72	114.73	4
90	248	estrogen biosynthetic process	119	1149	0.4798	0.0327	14.67	107.79	5
91	138	enzyme binding	118	350	0.8551	0.01	85.79	222.09	1
91	138	peptide antigen binding	78	79	0.5652	0.0022	251.25	197.7	2
91	138	Delta24-sterol reductase activity	80	86	0.5797	0.0024	236.72	196.47	3
91	138	skin development	78	82	0.5652	0.0023	242.06	193.35	4
91	138	Delta24(24-1) sterol reductase activity	78	85	0.5652	0.0024	233.51	189.91	5
92	314	ergosterol biosynthetic process	240	396	0.7643	0.0113	67.78	300.0	1
92	314	sterol 14-demethylase activity	242	2241	0.7707	0.0638	12.08	224.4	2
92	314	methyltransferase activity	128	767	0.4076	0.0218	18.66	127.99	3
92	314	heme binding	242	5655	0.7707	0.161	4.79	126.94	4
92	314	methylation	128	978	0.4076	0.0278	14.64	113.87	5
93	291	coenzyme A catabolic process	115	635	0.3952	0.0181	21.85	122.77	1
93	291	cholesterol 24-hydroxylase activity	125	1202	0.4296	0.0342	12.55	103.23	2
93	291	presynapse	125	1207	0.4296	0.0344	12.5	103.01	3
93	291	postsynapse	125	1209	0.4296	0.0344	12.48	102.92	4
93	291	cholesterol catabolic process	125	1254	0.4296	0.0357	12.03	100.92	5
94	219	monoacylglycerol lipase activity	92	1012	0.4201	0.0288	14.58	81.52	1
94	219	caveola	92	1185	0.4201	0.0337	12.45	75.22	2
94	219	triglyceride catabolic process	87	1003	0.3973	0.0286	13.91	74.83	3
94	219	methyltransferase activity	74	767	0.3379	0.0218	15.47	66.09	4
94	219	lipid droplet	92	1587	0.4201	0.0452	9.3	63.79	5
