cluster	family	n_substrates	observed	null_mean	null_std	z_score	p_specialist	q_specialist	p_promiscuous	q_promiscuous	p_two_sided
0	Hedgehog protein	2	0.6567	0.2273	0.1081	3.973	0.01	0.01132	0.9905	1.0	0.01999
1	Carboxylic ester hydrolase	11	0.2758	0.231	0.0251	1.787	0.05297	0.05587	0.94753	1.0	0.10595
2	Sterol carrier protein 2	19	0.282	0.2316	0.0177	2.849	0.0065	0.0082	0.994	1.0	0.01299
3	G-protein coupled estrogen receptor 1	27	0.2581	0.2307	0.0145	1.891	0.04448	0.04757	0.95602	1.0	0.08896
4	Broad substrate specificity ATP-binding cassette transporter ABCG2	3	0.323	0.2346	0.0736	1.202	0.11544	0.11544	0.88506	1.0	0.23088
5	Cholesterol 24-hydroxylase	26	0.3781	0.2311	0.0149	9.849	0.0005	0.00077	1.0	1.0	0.001
6	Non-lysosomal glucosylceramidase	10	0.4206	0.2311	0.0272	6.976	0.0005	0.00077	1.0	1.0	0.001
7	Glucosylceramidase	20	0.2823	0.2307	0.0176	2.942	0.0095	0.01092	0.991	1.0	0.01899
8	24-hydroxycholesterol 7-alpha-hydroxylase	39	0.2772	0.231	0.0114	4.068	0.0005	0.00077	1.0	1.0	0.001
9	Peroxisomal coenzyme A diphosphatase NUDT7	13	0.3558	0.231	0.0233	5.354	0.0005	0.00077	1.0	1.0	0.001
10	Acyl-coenzyme A thioesterase 8	17	0.3104	0.2319	0.0187	4.194	0.0005	0.00077	1.0	1.0	0.001
11	Acyl-coenzyme A diphosphatase NUDT19	17	0.5737	0.2314	0.0193	17.698	0.0005	0.00077	1.0	1.0	0.001
12	Bile salt export pump	10	0.5805	0.2307	0.0275	12.699	0.0005	0.00077	1.0	1.0	0.001
13	Glucosylceramidase	7	0.5434	0.2316	0.0344	9.07	0.0005	0.00077	1.0	1.0	0.001
14	Hormone-sensitive lipase	8	0.4531	0.2309	0.0313	7.094	0.0005	0.00077	1.0	1.0	0.001
15	Oxysterol-binding protein-related protein 8	65	0.2551	0.231	0.0087	2.783	0.005	0.00653	0.9955	1.0	0.01
16	Hormone-sensitive lipase	3	0.6656	0.2299	0.0684	6.37	0.0005	0.00077	1.0	1.0	0.001
17	Cholesterol 24-hydroxylase	44	0.2717	0.2315	0.0112	3.605	0.002	0.00275	0.9985	1.0	0.004
18	11-beta-hydroxysteroid dehydrogenase 1	87	0.2535	0.231	0.0073	3.096	0.002	0.00275	0.9985	1.0	0.004
19	Cytochrome P450 1A	26	0.3188	0.2314	0.015	5.826	0.0005	0.00077	1.0	1.0	0.001
20	Multidrug resistance-associated protein 4	9	0.4848	0.2311	0.0293	8.672	0.0005	0.00077	1.0	1.0	0.001
21	Sterol carrier protein 2	43	0.284	0.2313	0.0112	4.697	0.0005	0.00077	1.0	1.0	0.001
22	11-beta-hydroxysteroid dehydrogenase 1	30	0.3111	0.2315	0.0138	5.765	0.0005	0.00077	1.0	1.0	0.001
23	Non-lysosomal glucosylceramidase	30	0.2775	0.231	0.0137	3.392	0.002	0.00275	0.9985	1.0	0.004
24	Apolipoprotein A-II	23	0.3573	0.2312	0.0158	7.993	0.0005	0.00077	1.0	1.0	0.001
25	Cholesterol 24-hydroxylase	20	0.4341	0.2313	0.0175	11.587	0.0005	0.00077	1.0	1.0	0.001
26	Caveolin	12	0.4006	0.2308	0.0239	7.105	0.0005	0.00077	1.0	1.0	0.001
27	3-hydroxyacyl-CoA dehydrogenase type-2	24	0.3235	0.2303	0.0149	6.261	0.0005	0.00077	1.0	1.0	0.001
28	Lanosterol 14-alpha demethylase	12	0.3678	0.2308	0.0245	5.597	0.001	0.00148	0.9995	1.0	0.002
29	G-protein coupled estrogen receptor 1	10	0.4925	0.2298	0.0268	9.802	0.0005	0.00077	1.0	1.0	0.001
30	Hormone-sensitive lipase	22	0.3008	0.2309	0.016	4.363	0.0005	0.00077	1.0	1.0	0.001
31	Delta(24)-sterol reductase	58	0.3269	0.2315	0.0093	10.216	0.0005	0.00077	1.0	1.0	0.001
32	Carboxylic ester hydrolase	3	0.3612	0.2302	0.0699	1.875	0.05797	0.06032	0.94253	1.0	0.11594
33	24-hydroxycholesterol 7-alpha-hydroxylase	38	0.2911	0.231	0.0118	5.071	0.0005	0.00077	1.0	1.0	0.001
34	Estrogen receptor	0									
35	Multidrug resistance-associated protein 1	20	0.3125	0.2306	0.0178	4.607	0.0005	0.00077	1.0	1.0	0.001
36	Glucocorticoid receptor	2	0.7414	0.235	0.1118	4.528	0.0055	0.00706	0.995	1.0	0.01099
37	Multidrug resistance-associated protein 1	45	0.3143	0.2313	0.0106	7.858	0.0005	0.00077	1.0	1.0	0.001
38	Glucosylceramidase	20	0.2823	0.231	0.017	3.025	0.0035	0.00465	0.997	1.0	0.007
39	3-hydroxyacyl-CoA dehydrogenase type-2	44	0.2989	0.2311	0.0106	6.383	0.0005	0.00077	1.0	1.0	0.001
40	Broad substrate specificity ATP-binding cassette transporter ABCG2	3	0.323	0.2328	0.0677	1.332	0.10145	0.10278	0.89905	1.0	0.2029
41	Non-selective voltage-gated ion channel VDAC1	0									
42	Peroxisomal multifunctional enzyme type 2	34	0.3192	0.2311	0.0125	7.051	0.0005	0.00077	1.0	1.0	0.001
43	Acyl-coenzyme A diphosphatase NUDT19	2	0.656	0.2319	0.1123	3.776	0.01349	0.01484	0.98701	1.0	0.02699
44	Glucosylceramidase	12	0.3558	0.2311	0.024	5.195	0.0005	0.00077	1.0	1.0	0.001
45	Steroid 17-alpha-hydroxylase	25	0.2954	0.2313	0.0151	4.238	0.0015	0.00218	0.999	1.0	0.003
46	Cytochrome P450 85A1	29	0.4529	0.2314	0.0141	15.662	0.0005	0.00077	1.0	1.0	0.001
47	Cholesterol 24-hydroxylase	66	0.3011	0.2314	0.0085	8.203	0.0005	0.00077	1.0	1.0	0.001
48	Sterol O-acyltransferase 1	61	0.4012	0.231	0.0089	19.02	0.0005	0.00077	1.0	1.0	0.001
49	Non-lysosomal glucosylceramidase	7	0.5072	0.2303	0.0342	8.091	0.0005	0.00077	1.0	1.0	0.001
50	Apolipoprotein A-I	2	0.6567	0.2302	0.1082	3.944	0.0085	0.01023	0.992	1.0	0.01699
51	Broad substrate specificity ATP-binding cassette transporter ABCG2	3	0.323	0.2287	0.0694	1.359	0.09845	0.10108	0.90205	1.0	0.1969
52	Non-lysosomal glucosylceramidase	7	0.5072	0.2307	0.0348	7.958	0.0005	0.00077	1.0	1.0	0.001
53	Multidrug resistance-associated protein 1	16	0.3687	0.2308	0.0194	7.111	0.0005	0.00077	1.0	1.0	0.001
54	Glucosylceramidase	11	0.4055	0.2309	0.0259	6.731	0.0005	0.00077	1.0	1.0	0.001
55	Organic solute transporter subunit alpha	47	0.3089	0.2308	0.0101	7.716	0.0005	0.00077	1.0	1.0	0.001
56	Cytochrome P450 3A	42	0.263	0.2309	0.0114	2.823	0.008	0.00978	0.9925	1.0	0.01599
57	Hormone-sensitive lipase	39	0.2727	0.231	0.0122	3.429	0.0025	0.00338	0.998	1.0	0.005
58	3-keto-steroid reductase	17	0.3275	0.2309	0.0193	4.995	0.0005	0.00077	1.0	1.0	0.001
59	Glucosylceramidase	4	0.7486	0.232	0.0525	9.832	0.0005	0.00077	1.0	1.0	0.001
60	Hedgehog protein	2	0.6567	0.2274	0.1041	4.123	0.009	0.01066	0.9915	1.0	0.01799
61	3-hydroxyacyl-CoA dehydrogenase type-2	108	0.2615	0.2314	0.0064	4.732	0.0005	0.00077	1.0	1.0	0.001
62	Bile acid receptor	29	0.2694	0.2315	0.0139	2.73	0.0075	0.00931	0.993	1.0	0.01499
63	Patched 1	23	0.3364	0.2306	0.0154	6.872	0.0005	0.00077	1.0	1.0	0.001
64	Aldo-keto reductase family 1 member C1	42	0.3386	0.2312	0.0114	9.436	0.0005	0.00077	1.0	1.0	0.001
65	Non-lysosomal glucosylceramidase	20	0.356	0.231	0.0172	7.266	0.0005	0.00077	1.0	1.0	0.001
66	Androgen receptor	14	0.324	0.2312	0.0219	4.244	0.001	0.00148	0.9995	1.0	0.002
67	Sterol carrier protein 2	50	0.3481	0.2312	0.0103	11.311	0.0005	0.00077	1.0	1.0	0.001
68	Sterol carrier protein 2	58	0.3183	0.2312	0.0094	9.278	0.0005	0.00077	1.0	1.0	0.001
69	Sterol carrier protein 2	5	0.3529	0.2307	0.0447	2.736	0.01599	0.01734	0.98451	1.0	0.03198
70	(3R)-3-hydroxyacyl-CoA dehydrogenase	17	0.2823	0.2316	0.0193	2.617	0.01149	0.01282	0.98901	1.0	0.02299
71	Non-lysosomal glucosylceramidase	42	0.3004	0.2311	0.0112	6.197	0.0005	0.00077	1.0	1.0	0.001
72	Bile acid receptor	2	0.6567	0.2329	0.1126	3.765	0.0095	0.01092	0.991	1.0	0.01899
73	Multidrug resistance-associated protein 1	36	0.3123	0.2313	0.0123	6.57	0.0005	0.00077	1.0	1.0	0.001
74	Carboxylic ester hydrolase	99	0.277	0.2311	0.0069	6.682	0.0005	0.00077	1.0	1.0	0.001
75	Cholesterol 24-hydroxylase	64	0.2786	0.231	0.0088	5.409	0.0005	0.00077	1.0	1.0	0.001
76	Caveolin	1									
77	Microsomal triglyceride transfer protein large subunit	3	0.7862	0.2337	0.0728	7.593	0.0005	0.00077	1.0	1.0	0.001
78	Sodium/potassium-transporting ATPase subunit alpha	0									
79	(3R)-3-hydroxyacyl-CoA dehydrogenase	26	0.3448	0.2312	0.0148	7.691	0.0005	0.00077	1.0	1.0	0.001
80	Tetraspanin	0									
81	Phosphatidylcholine-sterol acyltransferase	38	0.3675	0.2313	0.0121	11.227	0.0005	0.00077	1.0	1.0	0.001
